gmm_cluster,gmm_loglike
0,100.73178595527246
0,91.06676212648627
0,99.42450665172525
0,86.79183932241288
0,102.60812629686542
0,97.33903459116276
0,100.19078119527073
0,104.47429455656446
0,100.4702106314662
0,101.46610331446458
0,101.94379690463698
0,96.80055029778192
0,96.51689616482791
0,100.23806965099614
0,100.60904007621964
0,95.25185689658066
0,97.79712443617761
0,100.69535071039677
0,101.45769028540185
0,92.59672222807426
0,96.75535902363502
0,103.71359658326661
0,103.75034208154553
0,100.14506986570079
0,93.4113429646326
0,98.46671866411423
0,107.3409421865601
0,98.64883681739106
0,100.86194115451501
0,96.98774683373144
0,100.11979610530226
0,100.85444134596001
0,64.87275021411138
0,99.99396603207641
0,103.44935101305084
0,100.34457478451098
0,103.01285380048203
0,108.0887890321983
0,100.07233955188714
0,84.25035144261868
0,99.39573455163618
0,97.5325397468033
0,90.24446919993481
0,98.82034792956306
0,100.54003944871998
0,91.40027056845189
0,103.22906853023046
0,104.08980206781128
0,106.71181474629658
0,93.18830950750372
0,103.62065878592811
0,94.96947886858773
0,97.82586099087023
0,100.61527905414162
0,94.3388397203202
0,96.59567524819305
0,95.33224682030941
0,101.9929004107074
0,106.1551356217686
0,103.77433584328706
0,99.42808287061753
0,96.84840721420206
0,101.22652681986436
0,82.77700153276497
0,97.88481571125622
0,94.84418801252168
0,95.12713536507356
0,89.88716150250907
0,102.69568710818008
0,96.7808709736751
0,101.69144973719479
0,93.93049745614057
0,103.54896360153352
0,99.72005368412373
0,106.29526773809054
0,99.34236440975751
0,103.78366722531477
0,101.89715231375182
0,101.12727922232678
0,100.02739764934124
0,93.56288251808296
0,91.23079462978502
0,102.53047336168724
0,95.12370983497782
0,78.18893948907741
0,104.78552758788236
0,100.32827275750482
0,102.50531256442282
0,98.9746718688235
0,95.91356134100106
0,101.84390604310884
0,102.25805395294789
0,93.52881972672132
0,97.6875573199846
0,105.05772000663391
0,101.2120784051704
0,100.9234921597856
0,96.25623319010184
0,101.21669636905749
0,101.79955911800444
0,94.71935696253662
0,97.44667137032702
0,103.31494906346511
0,102.73384980968218
0,94.34532367840164
0,103.30947048443743
0,98.82378051601513
0,103.30276050010274
0,100.75982802742696
0,103.96393895839138
0,101.77065548999663
0,100.53180220975905
0,99.06504819871343
0,92.58187173612764
0,96.17868881425669
0,98.53283973814219
0,94.19702812900702
0,93.33474125062527
0,99.43557842348697
0,95.25365131784606
0,103.9022969253097
0,96.60582440217341
0,94.03889174883942
0,99.31809429819303
0,103.5674641227901
0,105.32739556555184
0,101.90175293821541
0,100.53596638359751
0,99.17559200208633
0,95.65630004314191
0,103.59069487079022
0,92.16252063073357
0,103.23676050853344
0,102.16576744236197
0,94.14719024562793
0,67.81790162196789
0,103.58614114722972
0,98.93567847530657
0,98.13653395212383
0,99.02051678161463
0,101.00325211998471
0,98.28641895566953
0,98.86353521530718
0,100.10725026916167
0,91.28603138095183
0,104.46840855977256
0,96.72095054695909
0,101.69333410881363
0,98.20533679430424
0,106.06369245255932
0,102.03063674560993
0,100.29269659618289
0,100.49009223185938
0,101.58543249953918
0,106.59603751645814
0,94.39602533060368
0,104.01676772382781
0,97.59516501511742
0,88.97197570339254
0,100.00669921897166
0,97.91774261880867
0,104.0079443546489
0,104.45150749810232
0,97.67314989394113
0,98.67273046870598
0,102.2543536555355
0,100.28965089811571
0,101.53391059680463
0,95.12260435153617
0,94.80796068307315
0,96.64835884454605
0,96.246289811051
0,103.24673590390357
0,100.41779614198576
0,97.86624792560191
0,99.48700890716607
0,97.95019746117067
0,66.0851071423814
0,103.31986149220428
0,99.45915952020071
0,92.92140544456338
0,100.86077275086062
0,97.96099556537261
0,96.72196657154983
0,98.41817845972862
0,103.38913373082217
0,100.6443206409982
0,95.8829732532174
0,99.36043149940694
0,104.01974015972864
0,98.212384436992
0,100.89501917793889
0,99.81319637187154
0,103.34591691942121
0,108.13094392993641
0,97.10797484226633
0,97.54367856738803
0,102.67283107988884
0,99.27493251333279
0,99.41892809033753
0,102.36120791982897
0,101.69388690659854
0,98.45480752504203
0,107.04458487851109
0,88.51683440938363
0,100.85632178847389
0,104.84489198614666
0,93.20532501783639
0,98.30397147126887
0,101.43811847748127
0,96.14768533447513
0,93.49730466218911
0,94.5772477896078
0,102.65248044216851
0,93.23976148632873
0,91.78159621005692
0,104.25337601061129
0,102.7145872659972
0,100.60638329165936
0,105.22228192158893
0,84.31874598138772
0,97.90081538467577
0,97.27722499952482
0,96.56721289370823
0,92.38575114830279
0,99.48180555163545
0,92.89997971026348
0,92.98447889106278
0,98.87467516357266
0,100.51008958023736
0,101.44908641453121
0,93.09957652378706
0,99.41855936542485
0,87.06347891785127
0,94.43717675947171
0,96.04654732211206
0,100.59041741769146
0,104.35949112401808
0,96.37421885470552
0,100.06360819025464
0,100.8953711690694
0,101.06518372962695
0,97.88164956415467
0,102.60599781645887
0,100.32494167284311
0,88.95596358937699
0,102.64330626859761
0,96.08623410811892
0,99.08586535733029
0,98.43866834068278
0,103.22300820561013
0,89.84823686509067
0,106.02087411552326
0,98.58044092679184
0,104.84746920280345
0,107.26626190120648
0,89.8073969875526
0,104.53841004724832
0,97.55343797147655
0,97.52065267171544
0,100.6883876454455
0,101.26249867901593
0,102.68763532799865
0,104.8279861960845
0,97.62465262581152
0,95.28644076509532
0,101.22467153301459
0,108.23633065209499
0,98.82130796691233
0,100.92043973118656
0,99.78810114938084
0,99.86356150724139
0,103.81272787196163
0,99.93704383461382
0,106.08433929974932
0,93.10682494318827
0,89.11862214416156
0,101.79176462700569
0,101.98929486766859
0,99.6330609229989
0,100.02539207691164
0,100.07400881345443
0,106.0351353254435
0,101.11782010296501
0,97.47527280575393
0,99.12529853348535
0,99.32824073551383
0,101.75026626562983
0,101.34437551079903
0,99.12739786142619
0,98.23123808922803
0,100.41223809004116
0,100.10825109139235
0,92.71194173768525
0,94.86116518215509
0,104.2322791724613
0,101.04408136194156
0,98.92979771547148
0,102.65422178556138
0,97.6593375785687
0,103.91169100279886
0,101.11031148293607
0,105.6626426695194
0,99.86900077612681
0,103.7059079378091
0,102.28406835807046
0,101.04099347520473
0,97.39692253965369
0,102.18683249910741
0,105.25947638843276
0,104.45436205620193
0,94.40116677705662
0,102.13085628555406
0,96.1482784290316
0,94.41080639935323
0,98.87333136036101
0,106.60117562589242
0,105.49824089328438
0,94.083479859539
0,91.90376981874503
0,68.80740172673477
0,97.19372279918512
0,96.8170802302631
0,93.06591743685986
0,98.10522287022972
0,101.24131597439727
0,93.48364874062504
0,101.82836704553331
0,98.38520132544106
0,104.76940591695579
0,103.54953970037916
0,97.87233993428576
0,101.37819290406738
0,100.00282622054313
0,68.99356469308411
0,101.83048868118651
0,91.15569099854189
0,101.79407288489405
0,103.02679258288366
0,104.46095530018805
0,95.50077591779917
0,97.63499332651837
0,97.91299950553285
0,100.92106936425056
0,98.26999080097501
0,97.5727345249742
0,101.48526209523608
0,102.5609862416877
0,104.15985748963102
0,88.53742198611802
0,101.29988612960229
0,107.54162254062304
0,92.59493115749383
0,103.61996607139922
0,100.44751455742345
0,99.4935289466833
0,105.64286723711159
0,103.7495017446365
0,100.35208138328686
0,102.62097120620989
0,95.57992466104905
0,105.51523357887633
0,94.7914338302141
0,101.15304319318518
0,102.4348589599794
0,101.32499103652027
0,103.70047951624177
0,96.38649919052851
0,103.62159647612528
0,104.09416206864363
0,105.61400609473326
0,94.32317596711935
0,98.93738728335255
0,100.13957747979357
0,98.87519656520742
0,103.65243341204872
0,97.80922154329106
0,95.24525543192341
0,105.71676071495399
0,97.42637847041
0,96.67662445206393
0,92.08416339303777
0,102.09753341976442
0,102.23725827153375
0,102.57476345324413
0,102.79661669518224
0,97.40156785105323
0,93.6098513789995
0,98.2576309615752
0,95.9654754551705
0,107.27455340797901
0,104.0416320595432
0,100.81998487305636
0,97.95285227528514
0,101.99220353005556
0,87.5195720975447
0,106.5245126591865
0,103.51550081806452
0,101.06760627692346
0,102.19461390212008
0,100.35799022640036
0,103.6168611034919
0,106.02479486192202
0,103.64203994109907
0,105.40324120084101
0,106.45936642559577
0,99.16810064514125
0,98.15260542486833
0,98.00617547415855
0,102.43272421717931
0,93.8113629868182
0,96.58073884241684
0,91.42334103495757
0,102.87311091270608
0,96.77492877701143
0,91.42992270400704
0,104.77297603394227
0,99.05832827362663
0,103.20705739685165
0,103.02874722758223
0,98.2219812541217
0,102.32991421017793
0,105.70131133898742
0,105.38953149910758
0,98.51221877975321
0,103.11524772488288
0,101.05898238003296
0,103.4002982139201
0,86.29716281586848
0,96.50355571834358
0,91.22004021071824
0,98.85530855336627
0,108.29889483600083
0,104.78956111703148
0,98.50057230318065
0,98.2088399757947
0,97.7968610493986
0,101.5653650648611
0,102.82573236310178
0,98.08886948379687
0,96.68530069766565
0,98.95746488274334
0,98.75235968585743
0,98.39019865938751
0,104.70086621454543
0,100.6013403290227
0,104.63526825296502
0,99.71574278663404
0,105.22997313250521
0,99.64070529484464
0,92.00531487519542
0,90.49893215543632
0,107.84980228795892
0,95.67568628166781
0,86.43691563809212
0,95.2558845820217
0,99.32582963534962
0,86.04201079098881
0,103.15522257097616
0,101.37638495552481
0,102.25709990394681
0,99.1529854159915
0,98.26677859556908
0,97.01367394010866
0,101.05755918611236
0,99.5654928929414
0,100.37559113021767
0,99.94296831909786
0,94.19006457299604
0,97.33772030960917
0,106.06552773409994
0,101.14661526257306
0,95.07770707591855
0,101.884443194171
0,98.90160307583027
0,95.28618630548674
0,91.3234809097056
0,103.62788524292354
0,66.35339583040233
0,101.98741691382297
0,100.18041708062522
0,96.95461305621721
0,92.14398132185413
0,103.14688933802957
0,105.17432863882358
0,90.05169723686346
0,102.40007791966788
0,99.13850158336597
0,97.58573002140223
0,93.78029639775956
0,97.04525719000138
0,97.20625946309578
0,98.3198348538203
0,103.4813968671318
0,105.90183698123151
0,92.77422899688803
0,103.26023839046776
0,100.28196657944572
0,99.36622847513813
0,92.39266849205235
0,98.05276981411161
0,96.06169224276162
0,102.81127513360734
0,102.39719390261745
0,102.11022211342556
0,93.63771926887692
0,102.7986910507929
0,94.17248402349473
0,102.52883896644634
0,103.19091212095186
0,106.57384916568971
0,99.18683275924563
0,98.97774272858702
0,101.35431658840717
0,105.95735151597107
0,101.92959363525254
0,105.43382782284515
0,103.3616592788707
0,103.19246313866999
0,100.73589854468246
0,103.52043655325478
0,97.14533905045515
0,99.73279637214138
0,104.13370773833417
0,98.34653733814157
0,98.98363454196486
0,92.05601179400652
0,102.4237904349079
0,98.68872603968269
0,105.45099057813427
0,93.94888169451376
0,96.78239722079731
0,95.95301755148596
0,98.07991258735554
0,94.29261781339626
0,102.93446326641076
0,96.83475169725303
0,97.40173484047945
0,96.46256456890988
0,96.28850526328073
0,102.83803438272712
0,89.91991632210913
0,99.89955874963688
0,101.38310855456346
0,99.75267882275487
0,95.27774923499355
0,99.58787096504177
0,98.93626575487299
0,102.68992419306075
0,90.18140605229745
0,102.83746750555353
0,96.39519882507678
0,101.28309356802275
0,100.05032719874667
0,101.83313742304658
0,94.45557846875077
0,95.75313437610431
0,95.56715781261154
0,102.28991685899793
0,87.3932432813237
0,99.10993341131625
0,96.93820670828045
0,104.33560267411478
0,102.26306258121376
0,100.73486805006569
0,102.47575318031959
0,99.47375313522564
0,94.62805893081806
0,98.5189359189253
0,99.23334865525855
0,99.1441188649582
0,95.56350209121139
0,101.0957607564966
0,106.9278471711555
0,91.33507374837085
0,98.90030965505973
0,99.73322154508433
0,102.34111615284802
0,93.13504876520683
0,101.69639844967558
0,102.4568422099981
0,99.05476896244049
0,95.49722026459453
0,105.72393451572374
0,107.04166627301016
0,101.16800825024818
0,96.92146803474672
0,94.72256695257293
0,92.1357506069455
0,106.9439132919582
0,94.20986554096957
0,102.35716093440614
0,97.6005010722012
0,91.88479524734849
0,96.71721527647664
0,103.59649037979231
0,98.23957858280657
0,93.0587664749197
0,105.21352759345753
0,102.44427696049077
0,102.11054838510994
0,103.8158782136258
0,101.63605307386449
0,101.57178661376047
0,101.13796122043208
0,103.28846141544257
0,95.0171069490904
0,104.56347558200856
0,102.04724233958869
0,102.3573034182072
0,104.85673102179165
0,105.43202845917428
0,96.73063759527382
0,92.29517518434552
0,104.04002150796246
0,103.12116856141408
0,100.75177423563578
0,98.18928823460034
0,103.74554815600855
0,103.70348452811099
0,90.15753414508337
0,70.33860693509182
0,95.25730415398216
0,100.06769521299434
0,98.9617361402001
0,101.69895915966625
0,98.66068202107475
0,101.64695039276852
0,100.92591314824965
0,95.39632547272554
0,103.05735931206225
0,98.93943492935524
0,97.90642451292693
0,101.31957855791619
0,101.66184006466717
0,100.71350208145368
0,102.88714219223822
0,98.12719540427894
0,96.45592192696081
0,102.9312237964872
0,105.61235061990776
0,97.36221633232002
0,101.834802545094
0,100.91486931808963
0,97.39632176937566
0,102.34179714067814
0,98.17996207405945
0,101.49428291663416
0,93.63862092403859
0,106.4949172078238
0,97.97038688339272
0,104.85013263109433
0,104.22662196418129
0,103.44821456591909
0,102.88707482776643
0,101.22467303728062
0,100.72731967543483
0,81.86360306206812
0,99.12344878532697
0,92.87534188154972
0,100.85980747286997
0,99.70116719940252
0,100.48163389800654
0,97.05035991395708
0,97.85335478851657
0,100.16855117544095
0,101.58513508690167
0,82.88467070639523
0,98.62646967839747
0,99.50571175558245
0,101.05963859915248
0,100.60422908796072
0,97.18401001701112
0,102.28554058001002
0,95.49752763750179
0,103.21591185939342
0,91.66096108600222
0,96.18923460726351
0,96.64986829571099
0,95.09580024820274
0,93.76260376186183
0,100.01059410547735
0,95.27318107358515
0,90.95904666216929
0,102.3106674111883
0,96.94405956531524
0,105.43011604207406
0,100.44820348163076
0,91.11701164479162
0,101.23512836844888
0,91.6400473497461
0,102.05324296649506
0,102.99119499693465
0,101.10061025872564
0,99.4887043705039
0,99.97648768306011
0,98.23089926646047
0,95.83656738080161
0,103.62266748548062
0,92.81344658843044
0,102.44212106493784
0,101.12499830785406
0,98.88657657165943
0,87.2836798872277
0,102.19474595779393
0,97.41357936182213
0,101.88879277929125
0,105.05018801086892
0,101.544497270832
0,97.70361450231336
0,98.15609492981393
0,93.59415329276133
0,96.51488328905485
0,101.2141958329682
0,89.85962082730863
0,102.65225057059779
0,106.62769840850642
0,96.65411738374267
0,96.245722738379
0,100.39728733437143
0,102.57408369053222
0,106.90419374323768
0,90.97351125668736
0,105.89899650869161
0,95.74871045022694
0,95.71627159677088
0,104.80956941079022
0,99.6072664659023
0,101.00978119001441
0,103.29070733100302
0,100.74877165492573
0,99.16123387807168
0,97.52941805251258
0,91.92268670410515
0,92.2259258038164
0,101.92025261878324
0,98.03704003434056
0,105.55527909440626
0,105.01698261356982
0,103.68203763351674
0,94.37163798276019
0,101.96929352751543
0,106.82952058405066
0,99.38224492862362
0,101.58847284940337
0,96.59264704748811
0,91.808912383399
0,98.44926870585469
0,89.44435603680292
0,105.87934856703309
0,101.65152200405423
0,97.85336559978275
0,104.09795362467368
0,101.37095846042054
0,98.44422381108843
0,97.4346841411173
0,102.31231760533315
0,105.42451942308004
0,95.98998428042903
0,91.40836161629902
0,98.15041226052405
0,107.01147336699579
0,101.65756310982074
0,96.64109462289933
0,92.63573671948599
0,93.36922727804999
0,104.4386290939692
0,88.73677676898869
0,95.2683086035559
0,106.58471219852235
0,98.33807564724246
0,100.44477861512063
0,106.66059088398806
0,102.70724219560582
0,105.66102306433577
0,94.93394823616732
0,102.76294447978826
0,94.49295174238766
0,103.14128784132309
0,99.96521190591376
0,97.21228667887574
0,97.92189085823922
0,101.12655279452882
0,102.89374536301834
0,99.57166814083062
0,102.78113283129305
0,104.82513205161634
0,93.9961377723984
0,91.79754128851253
0,100.96556311738091
0,99.42051371518532
0,102.51807262666402
0,93.01153343481788
0,102.10847066455305
0,100.23073857220449
0,100.0268602290286
0,86.45973438493205
0,99.22726130225293
0,97.98285063497055
0,103.29527612367262
0,97.89736695141382
0,98.20847964045272
0,104.54359557324533
0,94.41280134290757
0,100.6038175875181
0,96.8922338970536
0,96.76171536293042
0,96.08073092657001
0,98.24662106989568
0,101.74553398631643
0,89.27961679218181
0,100.57754911235709
0,96.97971284036076
0,103.34629365279112
0,101.38773517056369
0,106.52687778251978
0,103.33934640982496
0,103.37941337945198
0,100.65653907271421
0,98.32464103964604
0,99.15411201419379
0,100.61628444006071
0,101.87184905643811
0,97.59200038986533
0,100.96709991498183
0,96.98826591011736
0,102.75117805345782
0,94.78776482733919
0,103.96323392669372
0,103.42375151370196
0,98.27867263290769
0,97.4893386277249
0,98.60891334808848
0,104.17522942152657
0,106.66460575458525
0,100.4923538375301
0,104.05233047371614
0,99.89426127992941
0,97.19423907081621
0,106.0992397744272
0,102.93038648119337
0,96.40947440621754
0,106.721837047141
0,98.6040763423491
0,102.32517000427369
0,96.14432610302289
0,96.3908507609989
0,91.9071771287607
0,102.14613527090494
0,104.05524393641993
0,90.2122472518016
0,99.35779327529393
0,102.121556838496
0,104.8706978862068
0,103.09223493339279
0,96.75275771626089
0,95.14420082160238
0,105.6336487186281
0,100.04572106679758
0,104.54516257693818
0,99.48310646102065
0,97.449844844835
0,96.64809860395646
0,100.50034954739839
0,99.81369738070869
0,98.9157615878248
0,101.24547557264292
0,97.48971407891734
0,100.98110189385072
0,99.5113098061566
0,101.19848189554885
0,99.48699736118736
0,100.2094166584315
0,100.24005150076381
0,90.36757686169416
0,100.05553273906479
0,100.7739819823875
0,101.90465331092314
0,93.32874149901555
0,95.77795160690913
0,107.55438930031197
0,103.81220272105186
0,95.05750095785613
0,96.8389797809727
0,101.81799150698656
0,102.41022307437139
0,94.03998814979296
0,103.95897040007922
0,95.74823885219591
0,86.86124871341745
0,100.24041358315237
0,99.503747799582
0,99.4548038520209
0,103.22321428509677
0,94.71413488604217
0,102.84662286946808
0,102.81068114054982
0,102.35485160566229
0,107.78846495564777
0,89.95424123078463
0,105.12474646160824
0,105.28480298740955
0,100.86030516096339
0,92.65862345318946
0,92.5119435835958
0,103.23979479603669
0,103.79501123351018
0,105.47275596824964
0,95.10359446573783
0,102.90854428959868
0,102.42190215602956
0,99.0931674361439
0,102.46069324503331
0,98.14411246502426
0,100.56151360778621
0,91.89174952087704
0,100.76362197124378
0,105.05988598205947
0,101.98325201422675
0,103.58378468730639
0,95.64422176190185
0,90.39785581772442
0,98.05614035911707
0,103.8127539954235
0,68.5008064546383
0,87.87575363906494
0,100.46012665599169
0,99.23826163231534
0,101.82155330978456
0,102.30743045572144
0,100.2839216284194
0,100.7084131635133
0,104.19387878145558
0,92.0245444400915
0,102.77379394352296
0,98.58945933054294
0,88.84973638206743
0,100.91133147484744
0,102.15987963668537
0,100.593352837766
0,94.3877141323773
0,104.84592956719548
0,89.75697751042752
0,101.54674667040375
0,104.98914985693129
0,104.86106943597376
0,89.80814401982308
0,107.67904383925172
0,102.09317862923113
0,102.09787102067754
0,97.79405234612902
0,96.43730458965332
0,103.06953285207264
0,98.47863011160392
0,99.26571835238256
0,100.74614267064844
0,102.10655876802751
0,102.29133902461614
0,92.42144044388068
0,105.84888726861364
0,97.71062900850147
0,100.34084179583719
0,95.60340028825404
0,97.44119749763978
0,85.96354590069159
0,102.1502337798613
0,97.14911574014333
0,99.81583920651353
0,100.95996878098909
0,96.82218337224553
0,103.01488185275018
0,107.95060135032254
0,92.72848748040606
0,97.67711911327125
0,103.70116671015425
0,99.09607585938194
0,98.09885109572575
0,98.7002443768075
0,99.84287078899943
0,92.86427376008088
0,97.74788393944247
0,102.89009226568065
0,91.08659304807445
0,102.39331482640746
0,99.25936128341105
0,103.69638640299864
0,88.84496340505437
0,104.64152729822875
0,98.80352041833727
0,93.79255435335502
0,100.78929637961606
0,94.50780076575732
0,94.97314479380255
0,97.98257191182601
0,102.20155448537746
0,100.55484774008256
0,100.38944170527621
0,102.14754594386046
0,93.02550029558968
0,99.93742381655515
0,99.96322893170456
0,99.55504529985193
0,103.174623972914
0,101.93422913091204
0,96.22952071959539
0,98.19554684495044
0,92.87596012222285
0,92.99739882976486
0,101.67702133809807
0,103.51036994304216
0,90.55800414713495
0,99.33022455006692
0,103.61485722229365
0,100.5053941877881
0,100.09851509425009
0,102.48263046058766
0,100.019527798309
0,96.3067360176991
0,96.11742837650344
0,99.39454428304764
0,104.18074001868722
0,93.62041477539701
0,101.247355819162
0,90.85567581813966
0,99.8902204673574
0,102.9567566884049
0,97.22663487592347
0,101.84823412227375
0,100.44073705206152
0,102.3997967298639
0,95.10997401105304
0,94.24459704416175
0,92.36303174247702
0,100.94186045233896
0,106.47924494451813
0,96.32076215881243
0,99.17157873141007
0,86.40506219629587
0,100.0436330745821
0,95.32913127938265
0,100.09729949721837
0,105.768961794236
0,101.01097807699314
0,102.04839803759016
0,108.01275894575856
0,101.8353687963931
0,98.74166946955204
0,100.58385315138493
0,96.90335628824899
0,95.39990174017153
0,97.63686073215983
0,99.64646521648454
0,88.50122644898111
0,68.96196623587598
0,97.96503864342718
0,95.21471456629003
0,101.73830853973344
0,93.92941703237283
0,102.40610567374635
0,96.20967126036406
0,98.2030892528169
0,96.5799564990737
0,93.93082271045269
0,100.78382203059085
0,97.80861505251973
0,96.83043592829084
0,97.05347827047406
0,95.11302189557456
0,97.75087110845406
0,101.50257049137845
0,100.89170685074522
0,98.56970623647216
0,101.038801841281
0,100.1624060481936
0,92.03209884205593
0,101.95424302259765
0,98.45815531030313
0,98.686240097945
0,86.93157703778066
0,92.56901691470354
0,97.36287650322954
0,96.39168745057914
0,99.94598271250173
0,97.77272989354613
0,100.66487190760402
0,99.09836940304486
0,97.04015002391183
0,104.27439427717586
0,101.44577413098297
0,89.16401077602892
0,93.69717019348103
0,98.75658390176899
0,91.54631904970249
0,99.50020360528829
0,90.95487631179707
0,86.21073284389995
0,91.15701284484793
0,98.45911371212746
0,103.22891866706031
0,97.67636895098276
0,99.74145840550055
0,99.55493232627121
0,94.0313039182236
0,96.25785027025962
0,102.45170828839973
0,100.52390509229848
0,105.92787130972793
0,89.79634005157514
0,102.59349955335973
0,101.68345708858904
0,95.18931021600848
0,97.37221768808125
0,92.80605422454046
0,100.41520080683607
0,100.53949757015887
0,98.92978523407395
0,100.33152218431964
0,101.41549366313315
0,105.35686449767546
0,103.18583870497316
0,96.33731857940616
0,92.06394313559618
0,100.25513641046884
0,96.95090727928185
0,101.60857552328481
0,98.48561333285498
0,100.72835817753962
0,100.0505825842062
0,103.97732641779173
0,95.85305056810829
0,100.05387759155126
0,103.07437899171019
0,102.68858181968359
0,86.50876975361304
0,97.21957595937009
0,99.27837046162476
0,99.2314129926361
0,97.75853936214172
0,101.6380809617955
0,97.05845521652675
0,101.68803768619306
0,100.78319727389193
0,102.32948550056504
0,100.0117601864181
0,101.97214498634911
0,100.33722122280044
0,101.43987538207186
0,91.20638606931969
0,98.5291189606924
0,98.27242984737843
0,97.35673806722492
0,100.1267070158707
0,86.83437664153307
0,98.33249220131442
0,100.69537105356186
0,91.9164671371626
0,90.61000948757531
0,104.71599458306262
0,105.22542459924209
0,94.42188048974025
0,100.3624261468321
0,100.59461476646972
0,96.24822906426094
0,96.48245511011429
0,99.89389120438209
0,107.73161679264335
0,92.52047214216644
0,90.9280906032157
0,101.7838330012974
0,95.19699952188442
0,102.90143937533004
0,100.75081734787379
0,93.88446082542866
0,90.0603562072698
0,98.53674268380458
0,94.83025474023331
0,105.03834284317081
0,103.35578471170244
0,104.28098093418573
0,102.98137303464519
0,101.0074876048573
0,104.79191423325825
0,100.32033150173383
0,102.93006556920757
0,102.73233441407787
0,93.87271010973087
0,107.59306995067324
0,98.46929873375349
0,99.5624214576789
0,98.99373519818802
0,102.94670016197084
0,106.36966139880327
0,93.90168460565313
0,87.57627113953701
0,102.2835059988477
0,95.59875935904448
0,100.81951623437361
0,98.527448725165
0,91.30310926571782
0,102.20467415330582
0,86.9667876177118
0,98.10635734087394
0,105.96840099451627
0,104.58020427980593
0,96.1215447791839
0,104.51759325545244
0,102.53485792672045
0,100.4581767442832
0,97.89943043421802
0,99.14377899055224
0,106.7499438056325
0,99.8147421697008
0,98.80386922979436
0,96.8370114507404
0,94.05909720566659
0,98.94412438736278
0,93.69459675926264
0,98.12906821157127
0,98.6305162997795
0,95.50679195419023
0,97.96328960265735
0,100.08127695539444
0,103.76397337923946
0,69.70594448653002
0,102.78639911623371
0,97.73269898864028
0,98.0161618871441
0,102.40271835387928
0,99.95533338509848
0,65.57872442688175
0,97.98193911794952
0,98.17561699437438
0,104.51838406034379
0,98.01545487748241
0,95.48203313518177
0,101.84352467000657
0,102.4997098995252
0,96.27738719111552
0,99.24757553959428
0,84.29214057900039
0,91.02367932144277
0,92.40832137767772
0,104.0246787373042
0,94.04030077574014
0,104.7700648968301
0,103.73699019615161
0,101.49108973915189
0,97.76567626040027
0,98.79977650047432
0,98.72069041356006
0,93.84291429162549
0,102.71476205070245
0,96.84153900743571
0,94.8790262482073
0,97.49122252628392
0,102.73459137097687
0,101.24926663281927
0,99.11559248348523
0,91.91129530352858
0,101.47811596672595
0,95.41494245227499
0,90.68398149307437
0,88.07336568942544
0,97.970524143688
0,95.85714173263615
0,101.27463450859112
0,100.58288902577821
0,100.15902011751366
0,94.66051924744825
0,97.69033693657788
0,102.46396569059031
0,98.66369841696597
0,101.00525207228266
0,105.59027499387774
0,107.78320443212992
0,98.53591132515884
0,93.20376252722183
0,89.74623440169638
0,101.85261253458374
0,103.1233029775879
0,99.0451942242154
0,95.62247700961662
0,99.84074525412053
0,105.17643368605572
0,105.16263795390564
0,102.94971664128043
0,103.7882607970606
0,95.79901789063261
0,90.84543636508279
0,92.75828290169629
0,105.20003428834711
0,92.30364041092456
0,97.85087216643318
0,96.74174431251619
0,99.26163652297849
0,99.35040143161159
0,93.37499803114893
0,94.28538499245285
0,105.68923460087474
0,99.55747701175012
0,103.94963366335095
0,94.76649935807818
0,97.02602470033627
0,101.76293631050369
0,103.56199033665938
0,96.62436668955631
0,93.76750426689473
0,97.90750444351106
0,89.25546954473491
0,97.04810319059852
0,100.7103789128435
0,91.68063260904428
0,104.91407341392288
0,100.66702385752676
0,99.45841289137745
0,102.98523690504213
0,101.28555283293436
0,99.74100537081249
0,94.11803006084118
0,97.17842981645747
0,101.79118307070523
0,102.3296330082638
0,99.52605624744432
0,103.4302814393772
0,106.02118531713641
0,98.90571099185648
0,95.31587497372131
0,95.30358626680386
0,93.00125163565518
0,93.08949874984442
0,101.27523511516408
0,104.08851002965524
0,93.62195449499383
0,103.59478069303405
0,99.20683248306788
0,99.92939132764876
0,100.85697001538931
0,95.70885379468375
0,99.68103091984436
0,106.79731073305582
0,101.3622108555367
0,88.77580515889294
0,86.60147997970363
0,94.60699748645528
0,99.19720085014701
0,100.86106287684235
0,103.35670465513245
0,100.02874512739659
0,99.07387951705077
0,100.9234304795503
0,105.36631020196951
0,94.7464167966156
0,103.88243461187623
0,105.9952739113936
0,103.20092549878076
0,94.40878079471902
0,104.09542397631587
0,94.15389568624356
0,97.13748544129486
0,101.01036374223456
0,101.66464637926434
0,102.80873335502484
0,92.27801077420001
0,102.26522490700926
0,102.77794076994893
0,104.74308014851222
0,99.857201859455
0,101.46245589253259
0,100.25484569868327
0,101.24079358856714
0,95.83117274928951
0,103.78444535857516
0,95.1675387739294
0,94.29363156055375
0,99.06692203828622
0,89.33300216533884
0,89.83673669593917
0,105.33076882380873
0,90.36973485632161
0,102.61374421535267
0,97.16155637404312
0,100.42668545385187
0,88.04237527093933
0,101.26441833914008
0,92.57160767686035
0,101.9055913245292
0,96.21639985558396
0,100.28566203987062
0,103.75550078001528
0,98.47043499647837
0,101.38882421732741
0,102.22027466710118
0,105.11116138871957
0,104.97081441998792
0,96.88555257024201
0,104.11449891326815
0,96.67693921122076
0,98.45317428844332
0,97.457167184006
0,102.56150968486388
0,105.1938164879903
0,99.23166173601349
0,102.88820352872126
0,97.8723077002178
0,103.29276199416809
0,95.80527431691196
0,99.48894029082366
0,101.90886978867023
0,97.02301443940836
0,101.0004930544054
0,95.27258417729745
0,99.54082462028403
0,96.79080816104646
0,96.99518592454992
0,102.45458009857016
0,99.27163511818254
0,101.9520547524257
0,96.81051782599063
0,103.23476478366909
0,101.22915101653841
0,100.52160158415636
0,98.23319044550804
0,93.88147904094903
0,95.53285150088455
0,84.75368510079672
0,92.41158485180348
0,95.50065791479092
0,91.49800082709099
0,101.20289273869135
0,97.9008408345134
0,92.85626729775997
0,92.54985595221284
0,97.75285358030929
0,102.7181799008407
0,99.22482546863371
0,100.03069181362706
0,101.60756313702636
0,98.07265646421239
0,93.75392599845684
0,98.93938682005363
0,83.93533465887346
0,101.12697599655199
0,100.29675244822174
0,101.8335227832042
0,98.97199199783181
0,99.66018970226737
0,92.2897483826646
0,99.93597419115632
0,100.41567775917757
0,97.3075137505458
0,104.76412241438793
0,93.81464902495445
0,93.9618402970941
0,94.31529246354857
0,93.5368273117442
0,100.39733723769406
0,99.68532333674851
0,96.6540262645424
0,100.60159764666385
0,94.716359209596
0,95.79811239324867
0,101.64982673826115
0,94.93416923201859
0,98.76358832392548
0,99.81028176298217
0,100.39294922392754
0,100.03060172780367
0,96.75651657737099
0,102.61060688365892
0,101.5391981930553
0,103.55031946993473
0,93.29483081021037
0,106.1662145503209
0,102.73320561554969
0,90.26546003564106
0,95.4051942365797
0,94.67255452488904
0,102.19541932148836
0,96.76061775746943
0,93.41076500493726
0,97.22089118263297
0,103.36992532010326
0,97.82742900559755
0,101.05783341020462
0,106.37108950743139
0,100.46364004470153
0,100.12453807554554
0,85.42915477404414
0,95.31345945063448
0,101.17585918429963
0,96.56902351663486
0,100.517778766181
0,95.4211289483964
0,96.21569327496128
0,100.62843313649405
0,88.86168978435607
0,101.4574461338991
0,88.6114619027711
0,103.48532440124525
0,99.27049960227252
0,101.442755121551
0,92.53389519434388
0,100.97224060310488
0,92.19211910687484
0,95.10260002549045
0,103.05535052933872
0,101.840387730919
0,95.39750683522429
0,96.10189270772825
0,95.19411452844419
0,100.73153267561678
0,99.10427247147159
0,101.34698337263832
0,97.36606694360076
0,92.92650696573561
0,106.45675638873938
0,101.58110646048304
0,100.91085960323723
0,103.42700965321704
0,94.98155656879497
0,97.69043884708223
0,98.2799775232151
0,95.93656326155069
0,102.58590077318375
0,94.96099323957547
0,102.55979509058044
0,100.63319720455159
0,101.59055007696297
0,102.66774148913306
0,96.39756875687509
0,98.37224394266217
0,100.81986352063676
0,99.82766722506607
0,92.97083825299946
0,97.55196731244997
0,100.81392081572223
0,96.64801091331371
0,91.74987695130444
0,103.18569669034095
0,98.28361172527487
0,97.38115570536193
0,101.93095312504705
0,99.50790946811132
0,104.55994826381966
0,103.35761929335693
0,102.2760525105764
0,97.42846784571877
0,104.3497903933263
0,103.68738312316613
0,64.95968633041194
0,101.2832489498705
0,104.01465281627178
0,98.35880565638716
0,103.92023089720162
0,98.76439607695214
0,96.1712357691898
0,98.78491264229585
0,93.48850382851707
0,102.13865052445125
0,104.05547938746876
0,103.95835177563019
0,103.8114445688416
0,101.78842015496527
0,70.53088587642482
0,101.67309881859494
0,99.32005918117379
0,93.14018642724837
0,103.08773487738269
0,99.34701900211512
0,99.68298789720153
0,99.84209098781234
0,98.65756608906115
0,101.61413578674409
0,101.70936812879232
0,98.75109941139443
0,105.70721576170708
0,98.01679585137627
0,100.2247356780657
0,100.34121629742488
0,99.58085596994265
0,100.51945342023522
0,101.61514640929975
0,95.4620300895585
0,101.91748162858731
0,98.57949465987075
0,103.44444682314405
0,100.85642647573626
0,104.67286923332709
0,99.02584253283011
0,100.92840933725664
0,97.06211718089993
0,86.19112104307827
0,100.55756902574065
0,102.61780003373364
0,93.72714032776553
0,99.05295378379203
0,99.25529515264485
0,99.98392721420431
0,105.33695104208344
0,104.18376718560468
0,98.73594256082488
0,101.57078240189547
0,104.25442588813102
0,101.30895653365748
0,95.87417821927905
0,94.95707257886566
0,68.52231040179036
0,99.52723290694819
0,97.2690315543317
0,98.31467350961763
0,94.63344389806268
0,105.28041879188957
0,103.44980829965057
0,101.64778346087435
0,67.04211748449826
0,100.76967533220129
0,98.25836428221832
0,101.01048245904958
0,92.18320211859556
0,96.87431647377595
0,96.6987367936624
0,99.94489634791701
0,100.51315600297535
0,106.36765099696798
0,101.93049689290704
0,102.57143335598748
0,101.50234995085778
0,94.72388062921935
0,103.10551336379955
0,104.45217027661043
0,91.96170750464499
0,107.05444463983294
0,101.83435257225513
0,101.97875393335435
0,96.76440857403382
0,98.48735532675731
0,100.18384379448365
0,100.75475047520128
0,91.95867591878344
0,101.57020531096553
0,93.17248208503214
0,96.40520665196429
0,96.2875588208364
0,96.10804198603974
0,96.75423276362146
0,100.92358976504774
0,103.8089535601418
0,95.49592063136787
0,99.2025904901948
0,101.43230995985952
0,103.93350919114185
0,90.93183227358138
0,101.14192004147542
0,98.16540170731942
0,103.83929054905018
0,83.4717441910682
0,99.30237850704033
0,105.95284996825437
0,91.46087062765234
0,100.43385594223757
0,102.5052807991271
0,100.28581530413983
0,100.98002224915767
0,84.861652850953
0,100.80766895554625
0,96.34503074732366
0,100.0737398945813
0,98.76309481381485
0,101.42768079887297
0,101.06179737411308
0,99.37156560406997
0,101.61878359750106
0,95.73375028986392
0,97.26355724378469
0,88.59025919658437
0,97.52013519634112
0,103.6304572609369
1,95.28818758539666
1,97.60056744170197
1,94.7057866669345
1,102.18651373193003
1,100.50248626883811
1,104.1344880416822
1,92.07608227132528
1,100.08291151812315
1,103.1802294862324
1,102.35468156403198
1,98.04118852082055
1,99.24634622898162
1,98.88459982877802
1,96.22937752280788
1,102.2452971240763
1,95.86007854162412
1,94.46508127472455
1,96.79154653525137
1,101.23083091273745
1,95.22457628985725
1,92.52712390135801
1,86.71565398504023
1,99.64053834227096
1,100.30808603384554
1,96.91084679221737
1,99.66332425497666
1,105.9307099947467
1,101.71757791727444
1,99.70138176742506
1,100.14519182269729
1,101.05737990001177
1,90.20693898648668
1,96.07007161514338
1,95.12840462075806
1,99.44906065439474
1,102.01793319013703
1,95.61928561410576
1,97.74109238200904
1,101.5389696946074
1,104.50057724312941
1,89.46103817605481
1,103.20475458902811
1,97.92609380591668
1,95.11346911955326
1,99.53962096911789
1,95.8208984194147
1,97.16239834885144
1,98.88515254704404
1,93.8254580120651
1,85.87206723566746
1,102.04773033507342
1,96.58720774306093
1,105.7916574758778
1,103.60867006535162
1,104.50926205194364
1,90.57786872296904
1,104.47663967948475
1,99.64851166861828
1,101.57211793869683
1,99.82449498375209
1,98.27880172041816
1,101.563236821179
1,102.55105580211952
1,93.04958554426591
1,101.30034593330092
1,98.77430157638025
1,94.75259029665747
1,99.9158838579416
1,97.23060079755413
1,102.43444508084337
1,95.10464140481267
1,107.00934516354235
1,99.56426660292462
1,94.56938241491503
1,101.25773116525974
1,97.80604759644686
1,100.10129981705197
1,94.29894003099324
1,95.62044343732359
1,95.72805559295233
1,100.91443738759662
1,98.06609554459419
1,102.09924785410621
1,98.17825807449583
1,91.27803231301252
1,102.38285736400738
1,103.49561702944877
1,101.20009144491007
1,100.23938576353578
1,98.34549976135611
1,99.80719568118971
1,99.27200134003598
1,98.8560545437698
1,101.84379242909932
1,88.93808756324992
1,88.00140087013932
1,90.06100029336599
1,102.3324614166232
1,87.18471182049885
1,95.99947029465079
1,98.20032483180896
1,99.742400944167
1,98.87053955194696
1,96.10383614794915
1,92.01452968839095
1,95.53947289741055
1,98.78522383548963
1,100.25770334684503
1,95.08523512746117
1,98.91654400245858
1,103.1721172785901
1,105.69233371944196
1,101.5653818388281
1,98.69777657780102
1,103.29847702456232
1,91.31903827062013
1,87.96973223175323
1,98.29710465676123
1,96.6492350976165
1,93.86197038394681
1,92.59193829818693
1,101.54959191852905
1,103.03205764682613
1,89.13167045923436
1,94.85429494458
1,95.61120190507867
1,95.60372221313409
1,102.50248023062855
1,97.23787799490296
1,98.61037765550978
1,99.69601604934533
1,96.97039954916684
1,99.19528786312529
1,102.50034767376351
1,100.11821709056349
1,97.71892479810032
1,110.09821353732335
1,104.45467697778042
1,93.98623437806575
1,99.7001415374828
1,97.74628971105909
1,95.90584933501984
1,100.23196376966129
1,92.99427347629009
1,102.51588119380898
1,102.4508541542098
1,101.95697692057595
1,102.12639561651653
1,97.0889830926155
1,93.0772686582711
1,103.36114868320382
1,93.91295102126841
1,89.15414918163012
1,99.66138178486833
1,101.77795277792364
1,99.3040621278673
1,103.78529547374941
1,91.71849988509817
1,98.03427135872278
1,96.86286286363136
1,101.39961156147476
1,104.68167021504061
1,95.39775581758207
1,95.83509081762446
1,104.25039806478352
1,102.44277008828033
1,92.57300632286211
1,98.87229183613809
1,98.46402886409561
1,94.54379987539633
1,94.84176914530616
1,100.91415340387101
1,101.97684093096993
1,96.76386265443415
1,99.11717763007468
1,95.84059212089349
1,98.58422936073808
1,99.88872640456535
1,96.19816768101413
1,96.32190835901568
1,100.16044785978247
1,100.0399532722603
1,97.20262228195847
1,100.77445028114039
1,97.3746282578361
1,94.35891571352235
1,98.27223836828276
1,96.60010388308973
1,96.96575128471167
1,96.44685733739655
1,104.41769377130595
1,91.20788581449801
1,94.87090836629923
1,98.65544605347671
1,100.6141965951092
1,98.70694896352964
1,90.74526509211569
1,90.87993641208195
1,99.08644667475929
1,107.50181525834327
1,96.44154343470862
1,94.53818907219062
1,99.34259192794556
1,97.87225941849576
1,94.31536482594325
1,102.27591237271318
1,98.465082022041
1,97.61494799702874
1,101.44489300891004
1,92.8053399331159
1,97.23472828733168
1,93.89231210326241
1,99.04198563134136
1,91.35716661983187
1,98.16936497508269
1,99.38947149255708
1,100.59069054128906
1,97.38097669062824
1,95.3798361714534
1,98.62387794293832
1,98.12877827254104
1,101.77642366571646
1,104.51755360266188
1,91.17193245953302
1,96.87519145583127
1,99.39829490452061
1,96.94883080357582
1,99.42469767096196
1,102.25747735455937
1,102.13589780653774
1,99.96236157301149
1,94.10405576420277
1,99.83895008776753
1,101.80456705930226
1,98.72195205490934
1,96.34145346993728
1,102.74996478339293
1,101.6303635062132
1,104.37135686461849
1,98.59744858958413
1,95.57563908835147
1,102.82614310395584
1,105.00493973046699
1,103.50243680814381
1,101.46970847860379
1,99.1392923356768
1,99.61364048947385
1,96.58965089720385
1,92.00114851030992
1,99.78076894680734
1,95.61536528661875
1,95.3317566856638
1,90.16638891157203
1,97.27719287101183
1,104.79943786989526
1,100.52932068977228
1,106.77722603571442
1,93.314289020975
1,94.56257610947637
1,100.68779224706404
1,102.55903953530205
1,102.106403090479
1,98.76406409775507
1,100.2146383592061
1,99.89456188751899
1,104.91846567216064
1,98.47980415467396
1,97.85102633866401
1,101.04355120631007
1,99.38483518995443
1,102.08818929552169
1,102.72690556581304
1,99.52531422220218
1,98.58719696269063
1,100.59368638976827
1,99.04361665387862
1,96.25403416910291
1,98.24461345762427
1,105.86334814850525
1,95.00981486708775
1,96.78293082103133
1,99.6599876252225
1,94.88547302231405
1,93.43460586590032
1,99.03415933717054
1,92.317385149063
1,102.54616448005697
1,95.3281056686082
1,88.03018784363331
1,85.29021185720256
1,102.42086398375619
1,100.9050883689109
1,101.90336428108364
1,98.1916015704758
1,92.706464575696
1,103.89086416008453
1,97.66252320974519
1,101.81500743950144
1,96.74014257542325
1,98.46697388361471
1,94.79673897220047
1,93.6820569324095
1,101.7507238853891
1,90.18729161960152
1,95.93690696328036
1,98.98111769110298
1,102.07135672094674
1,99.68890681346667
1,100.56626136308492
1,95.9422501715708
1,95.03052428481487
1,103.51997956220114
1,98.81892030692376
1,99.93928924146113
1,95.55105290619045
1,96.57866376757434
1,96.53915026426037
1,100.60409214225567
1,96.01556703490797
1,97.48386627734718
1,102.15709890519176
1,103.43232526652045
1,101.27498330967185
1,104.74192161058701
1,94.48186781528784
1,102.78832436928346
1,98.73110808388495
1,98.10926109686085
1,101.71768509491378
1,97.41655653566087
1,104.24116711806872
1,93.37920174014332
1,101.72005244828938
1,102.96178311894604
1,94.68737362709513
1,100.17643943487207
1,104.55634521015767
1,96.87831824492662
1,98.84086289175704
1,100.35147010237017
1,93.27859894282017
1,96.20267388767411
1,102.4309656698143
1,95.78713674600684
1,102.85408162435516
1,103.10673175433931
1,104.59565374760436
1,98.17674177609968
1,99.48960879168683
1,103.05967504627014
1,97.08323111362668
1,91.75163112819038
1,107.18298322546744
1,98.79432431941069
1,97.33982778746983
1,97.37557658824821
1,107.6823279120822
1,105.78706175127544
1,93.83342622749075
1,99.14197392177303
1,105.40158891172521
1,97.83434582105792
1,102.4940480167754
1,93.74850249308014
1,96.39963051271477
1,101.34038103465022
1,99.82579626215923
1,97.19854343004423
1,100.70610021088044
1,98.75426244069567
1,104.90537234473695
1,99.04589585436833
1,91.17386948077356
1,99.03945293287745
1,97.78079433574646
1,100.56743985367646
1,96.38333604300459
1,93.66833245102444
1,102.35341552687606
1,103.35992033797467
1,97.96946063692675
1,98.66768477913132
1,102.19585361970707
1,98.49816478669297
1,100.18964205590501
1,91.36522732624766
1,91.86875086652424
1,96.7077320181732
1,95.69464473229357
1,103.31953392492795
1,98.00400590018384
1,99.56211305190098
1,100.91262075137465
1,97.52602186322491
1,91.46463432523541
1,95.62138995644142
1,102.1013299430185
1,92.53006151706754
1,92.28025756834697
1,90.80367083951569
1,101.26975418409774
1,90.46911481420892
1,107.66938989512167
1,99.47930555391898
1,98.4013105669519
1,99.06559982213585
1,100.17779860792467
1,102.44847721616273
1,101.83837423140244
1,97.92456151738807
1,97.28824091588692
1,100.39999551128372
1,97.71549866531413
1,95.71895308598104
1,93.51507395143778
1,101.34976380903618
1,99.18807401197856
1,96.59905291158489
1,100.68659215309484
1,99.29227981089241
1,89.96106852985457
1,100.55050675796704
1,96.35595677293901
1,97.98924176671571
1,97.60346776662252
1,104.70191981545892
1,92.15948011277962
1,97.38555137837525
1,97.60516496315674
1,105.42177348736567
1,104.23893558049397
1,98.48697579004968
1,103.28841950466142
1,108.08378270249935
1,94.88177171825609
1,104.3091437558165
1,101.18539681951611
1,105.55133006550122
1,98.24038690302277
1,95.3484129383302
1,98.44596430635801
1,103.29635484356649
1,100.54560644976112
1,97.86083749787596
1,102.11714624820468
1,95.68932678015315
1,98.02721831197294
1,97.17103311908616
1,91.48521419319076
1,100.1138126074251
1,96.60582539535767
1,95.42685830586177
1,102.17101879601398
1,97.22478823961103
1,106.09216417513252
1,104.22305242188446
1,103.3100627655962
1,96.91081867546501
1,101.1362659632668
1,102.49807384702478
1,90.16094657488253
1,97.62776415509742
1,101.60761787034426
1,102.48893105689513
1,102.52335858492876
1,101.99802026814481
1,93.94182301777224
1,99.57095819355163
1,99.47495647783313
1,89.94946284975904
1,94.32080779542531
1,98.8593255762764
1,87.16429630041992
1,102.92144206621785
1,100.88069258000161
1,96.4952993859491
1,103.0080532240761
1,99.81565371519639
1,90.8493904414616
1,97.82126161109642
1,98.26450985643734
1,93.36899568398238
1,101.31541412371305
1,96.56953788768809
1,94.83848504223573
1,91.69124112592274
1,102.49974709894337
1,89.6383804972406
1,104.47830221964259
1,89.62576450619548
1,100.61210738248539
1,101.3853505075476
1,91.14616658492719
1,94.17068859091182
1,98.96404440593821
1,92.06021886689618
1,99.52829455463566
1,98.53663726472118
1,102.79016887903228
1,101.58263577284603
1,102.00416340072178
1,94.36096707989779
1,101.77332647465184
1,101.44563539504179
1,94.0945743788863
1,101.59635812931819
1,102.26321256943251
1,98.22942072687499
1,97.39719368942022
1,94.55345819388694
1,106.44873523541804
1,99.19857739317578
1,90.92882182183638
1,98.92811625695742
1,97.93037019874245
1,100.65357832043694
1,105.41326498230478
1,99.73985300806393
1,103.10404730783219
1,104.66648448142115
1,95.34107427636937
1,101.43923939149172
1,98.18808684417942
1,95.18545840781928
1,98.62185021643509
1,104.97575091756488
1,96.20670059600192
1,90.5619193128093
1,96.5548909195305
1,102.07362691061999
1,99.63391681948843
1,96.09761362263228
1,91.6562263561191
1,101.44496018835531
1,101.892553314716
1,102.86741890702496
1,92.20424504554393
1,101.62065688154033
1,94.68051609874149
1,102.8272541128027
1,89.56430590229135
1,102.74603777392704
1,102.18696026681172
1,90.90376357427073
1,96.05880241361177
1,102.67006996250359
1,101.01180514133372
1,96.99047611982999
1,97.72088021946055
1,96.00776071644319
1,97.19024426997379
1,101.37719067787827
1,103.19530233255645
1,96.88576740061114
1,89.61701487129815
1,95.48660457060654
1,90.14172214874228
1,96.60980704530559
1,106.21871028875182
1,102.88212755169374
1,103.86031299285841
1,92.240354786343
1,103.3868574462143
1,103.70327575487008
1,96.73189339133515
1,100.0989465320744
1,96.62221276714828
1,94.80222465660671
1,101.01092821626372
1,88.97187752651803
1,98.46799718548525
1,95.81658475833632
1,94.80049505580698
1,96.95755727653696
1,98.79001609313454
1,101.74472303996939
1,97.10691791735854
1,98.81112515568768
1,97.11896758584803
1,105.62668423460568
1,103.51636641310958
1,99.56802023829633
1,91.177463991705
1,98.68898081635618
1,93.6358525955518
1,99.39871425085272
1,91.81949684386126
1,99.28400558593745
1,99.36959679586349
1,99.46009549812084
1,100.14707481634471
1,98.4450199840118
1,103.39123863815163
1,100.59872865636754
1,99.43269454362456
1,94.55063726162606
1,94.78158327283012
1,100.71912864442967
1,98.76483576584783
1,96.9751237371639
1,100.60224628523335
1,101.4204195525862
1,96.96932814241094
1,94.57798362573897
1,97.28053675253582
1,97.91132306909358
1,99.17075908261168
1,89.96315202898543
1,101.83919503522435
1,98.10571244618797
1,104.29766015894342
1,103.49277455676255
1,99.26590156652608
1,98.88695235268392
1,91.37297203755213
1,101.6212565665356
1,102.99651251655587
1,99.40842133175218
1,102.38789184539044
1,95.00194642749321
1,101.71896651916623
1,106.67435770240036
1,101.57217322492573
1,87.24431625527112
1,101.58261742013212
1,107.71392871038086
1,94.71814283581159
1,102.70135418185552
1,97.25152805860179
1,94.95859684201406
1,99.14103695499873
1,100.81722183063772
1,98.27252915668831
1,102.5843646036594
1,103.45739911454041
1,103.63490317631059
1,102.01339303092936
1,98.78382925429614
1,101.58160468346074
1,105.9095188600268
1,91.9026039088919
1,92.18243623650258
1,96.89514171634289
1,102.22453808392402
1,96.4917813655214
1,96.75756084714905
1,97.17680465991572
1,88.74547656835031
1,98.28291411556566
1,97.23746061912806
1,104.77988566152402
1,100.61309271379787
1,100.71635647913328
1,96.92351581479468
1,106.99643337883603
1,94.25896501285064
1,100.57919446662117
1,102.26549131589812
1,102.2284543385912
1,105.63057423544936
1,96.57081656707004
1,98.39888457947151
1,105.20546140068885
1,102.74981446522267
1,100.06471168169881
1,104.40984319130504
1,101.65052870521913
1,91.11263650228588
1,101.74318862822426
1,95.15000462381477
1,102.16848039154186
1,101.6124877781433
1,104.78499263139094
1,86.71836671647185
1,96.89222773382355
1,100.64405738091725
1,104.72417208105148
1,96.44551208635986
1,98.04694825135994
1,108.37734863160813
1,99.76908442858269
1,103.25594136723032
1,93.25685329312634
1,102.58256264861433
1,106.25613446034504
1,102.59459893295221
1,96.93493111186174
1,98.38189879748174
1,94.00565649887281
1,99.5537240126394
1,99.98600280068402
1,97.5382666104193
1,104.43723157769767
1,98.08082460263867
1,92.08116504070398
1,100.0369946008459
1,102.21450009964704
1,96.0012672654187
1,102.43228295078032
1,98.315217056949
1,101.15956536896644
1,94.60956741601956
1,102.67578536380549
1,96.10794788607365
1,97.72882314190915
1,106.5582180538897
1,93.97393821907119
1,104.63163629986451
1,95.8213168128693
1,102.74727899171577
1,102.737562576454
1,104.19183722487972
1,99.49063065870027
1,97.12658785775531
1,100.00056884910626
1,98.64748964174325
1,101.04831564596532
1,100.87535771153418
1,103.93915798621404
1,97.55580183083188
1,99.59715182547441
1,85.29190028601002
1,95.8729147575527
1,95.82862920557247
1,95.1851595046115
1,96.67728451070897
1,97.91586585049805
1,99.0327226214171
1,98.81916503994364
1,104.86900450100305
1,104.86992861892023
1,89.06874725192941
1,95.14328568640158
1,94.88742340114888
1,102.54987497147167
1,90.90309986790098
1,93.14284927531821
1,102.27328302568736
1,86.59996127068226
1,100.36361613823343
1,101.51248341480962
1,97.00121342747795
1,99.08546151332035
1,92.65038662668698
1,100.84654901020923
1,100.70069017928625
1,95.66556499315067
1,101.39157938652153
1,95.80454263741146
1,90.00619566877177
1,89.55258509496221
1,106.78483390220777
1,96.19398028637642
1,89.33374084832775
1,104.4695051382079
1,86.46049929536557
1,97.98927511055601
1,92.9934877906646
1,90.8896195637713
1,106.50068915602921
1,94.5885183132826
1,101.84746435574519
1,98.33883712444185
1,92.79446514528047
1,104.96760055211499
1,97.35451083515099
1,101.65552511840113
1,96.03452478436552
1,101.83519336252479
1,98.72532209354134
1,98.10594341200499
1,99.90589501121607
1,98.07964717289147
1,99.65105834080805
1,95.28248229457512
1,100.72943266204214
1,89.19632164655803
1,100.10282158441467
1,97.10869603392953
1,103.90710929984638
1,102.9325116121262
1,98.39295085448683
1,98.36404870251599
1,100.4285323783904
1,96.63710278826764
1,93.69948611467092
1,93.84427898752628
1,86.88393901710887
1,99.71440649353943
1,100.83416346791913
1,96.55542926094873
1,104.72088761454529
1,100.89699661553257
1,96.74722583661264
1,94.66355144644959
1,95.80134772952198
1,97.14959606853179
1,98.2498845205362
1,102.0321532302317
1,98.14570298561478
1,104.39782556364611
1,104.27204698002626
1,100.50376760326284
1,94.17956646395751
1,92.93406291642336
1,96.33134106162694
1,96.38399872310825
1,94.80215689345451
1,100.42099654360896
1,99.56973736692376
1,105.79358907476171
1,93.19262841326443
1,95.36231071722068
1,108.4985982393292
1,99.19838492781105
1,99.1988011764087
1,98.6557163741015
1,94.52994956063509
1,99.9264430814975
1,102.07567831577663
1,101.45540049085889
1,89.83602475842645
1,102.8690327328988
1,95.92869978239187
1,99.66486024251756
1,107.2252988998865
1,96.52522561108103
1,97.406528449407
1,104.13988783915389
1,100.16851014026108
1,101.10057397556866
1,96.31684607830076
1,98.59892098071842
1,93.57104635628679
1,104.39498811159979
1,102.4086056835549
1,98.28154452432904
1,98.39776591802175
1,102.71626293469541
1,91.20834098630453
1,96.39769955012827
1,98.22813743116728
1,96.9199706894083
1,97.70656786563498
1,103.35642346899425
1,94.49920366061261
1,96.58452829347482
1,98.14142503175583
1,101.25496563401995
1,95.764551634599
1,104.17820954811444
1,104.68023704462072
1,100.9930193527509
1,94.14946885591749
1,100.670825631345
1,97.78065731771773
1,97.4304300753688
1,98.10518519495949
1,98.50350733645033
1,96.2135852678183
1,98.57680160174897
1,99.25070304250178
1,91.50622669284445
1,94.7737397053991
1,99.73048112519552
1,93.66149166016638
1,97.83026500937737
1,100.83299133069679
1,101.28103787626594
1,98.68315895380445
1,90.52422129263019
1,103.40131042527673
1,95.16006472008192
1,92.56667973081849
1,101.71779508830011
1,98.56835083774459
1,103.05466420518178
1,103.4331870954997
1,105.76280915462422
1,103.6027072101717
1,95.11696002038227
1,105.23576617848457
1,99.9599654461984
1,102.304934434378
1,101.54988902528586
1,97.69536307445392
1,88.15423623189179
1,98.16858138877737
1,102.30719653364756
1,99.64096925281854
1,93.56021037086938
1,101.27273027084755
1,101.41089810582369
1,99.79444362044163
1,98.75262723485503
1,102.76144705264454
1,98.24109513274345
1,96.69082287499862
1,105.29969792618769
1,96.97738188800597
1,104.1847539388429
1,102.33075216193234
1,102.19161191270388
1,92.76389953482439
1,97.31917149753562
1,97.58114366568446
1,94.9048807951001
1,96.36595733505393
1,96.73717820851749
1,99.0372128920072
1,103.59692826296632
1,102.67947267770597
1,100.38359404189168
1,105.73139339094251
1,96.56031063670358
1,89.18325219655665
1,95.6447922888934
1,105.57126666481872
1,89.81225029918502
1,104.75349923550064
1,100.94917650454789
1,98.64428055695458
1,102.5815559458666
1,104.40876516942328
1,98.37604515184239
1,89.9164325122374
1,99.330475662162
1,98.23259195760863
1,98.39424869335153
1,94.28671340447664
1,92.33416002999425
1,94.08946631532345
1,98.25234687169282
1,100.80889610760394
1,93.92292919161767
1,101.87030939702024
1,99.64841940730466
1,94.9509606991596
1,100.31447420457022
1,95.11066480438987
1,104.99484883152729
1,101.47301872330851
1,101.13458189523041
1,97.64197852363569
1,101.1058112547353
1,98.70991240869992
1,92.21089237798535
1,99.31381351078846
1,99.09539545657978
1,88.38982795564854
1,101.03624004299817
1,99.15313322778164
1,99.38568215903675
1,102.529834166202
1,101.17492496290058
1,98.80800897084865
1,97.83577399746784
1,96.58758021912652
1,97.15098556227827
1,87.51973506573839
1,104.32871791003518
1,91.8637918722626
1,94.85425693095812
1,91.0984420341635
1,100.35941224410772
1,92.43530378297893
1,98.9929182222206
1,95.87527647755354
1,102.4453253437137
1,98.40860632959081
1,93.17124409897107
1,108.24410664675705
1,103.53079591343894
1,92.32327571653454
1,102.2123051917184
1,101.69525184533558
1,95.20422068228402
1,100.39275429045836
1,96.55016224265765
1,94.63400001345698
1,102.54845405774114
1,95.8944912209927
1,100.32475511701938
1,96.10946601942592
1,96.65175556883332
1,103.60321922532296
1,96.16449237228315
1,103.52934780450227
1,100.12694282633171
1,98.49004237981299
1,101.25152481100162
1,98.45285909229582
1,104.42162738912529
1,101.2210042146333
1,101.21470103693883
1,96.27901030212496
1,100.06273294528975
1,91.15974671487797
1,104.15670447559407
1,101.13046277214747
1,105.18500862300272
1,105.85823827523049
1,106.06752819177072
1,102.75990759172643
1,93.68262222752523
1,97.91780870829098
1,103.30855740488352
1,100.11838474180811
1,99.88133279479729
1,103.83352968977766
1,98.73320617356876
1,91.74496748739503
1,98.05721712179624
1,98.53489405019658
1,102.1405900077205
1,92.49463878242048
1,89.32643897321023
1,104.02506951874489
1,102.21139408671766
1,92.26019344947017
1,96.15463553836878
1,103.45494312815953
1,93.56318694398769
1,101.8641507305509
1,104.36595020729612
1,100.77224027942995
1,100.49337384548767
1,101.53933176013481
1,86.65202436667403
1,100.07103100854067
1,103.95670950221839
1,103.9347805361021
1,104.54578597850374
1,90.79894485587391
1,100.3155041315566
1,95.06114838561169
1,94.48658473969377
1,91.34763353542021
1,96.87629308556521
1,98.97834094349881
1,97.0624654108224
1,102.50136595149016
1,101.33198626672015
1,100.91688835256667
1,99.04634034063528
1,103.45214510409326
1,97.53484507785359
1,97.13173400324538
1,95.7077098160967
1,99.0891769802025
1,99.02411710613092
1,97.58848918242884
1,105.84587262088857
1,97.55888247849643
1,94.11993764787636
1,100.58621975420706
1,100.58851266943563
1,100.47787143456523
1,105.64062937810283
1,108.42848502337668
1,97.01536773853749
1,97.15946529481707
1,94.97794319401544
1,96.48054746089531
1,101.80450366019221
1,100.15140508652135
1,95.75394737868262
1,98.28388968619774
1,100.39477188577737
1,102.68841642869401
1,96.38937177045105
1,94.26808454306959
1,97.88804215973121
1,96.55149026830739
1,97.46951581699693
1,99.78381201468497
1,93.9196525427794
1,98.38754142852369
1,99.13350964576986
1,101.26681261852957
1,98.25748995200763
1,104.87885185512425
1,92.07200459440153
1,97.01734610125303
1,95.73796160972555
1,101.4673934407881
1,99.32171347649415
1,91.43839232024743
1,97.95853415143407
1,103.10386559205642
1,92.86238209780961
1,102.51963854183091
1,97.54244562103389
1,102.04018204372218
1,95.35102181738708
1,98.61051898931387
1,99.18676127600517
1,94.96265552605493
1,105.73236032999364
1,98.31975379637888
1,106.12247992718267
1,98.14551287996744
1,104.52711915735782
1,97.85763750044882
1,96.93592390545066
1,106.38957024264775
1,103.20241685708064
1,107.66426740335504
1,101.28667312568783
1,100.90167974927084
1,94.08635183931082
1,94.9221784403467
1,96.7832685579925
1,104.29124224717046
1,92.11318868475436
1,101.33465270700825
1,94.06486805402673
1,98.1314520961457
1,102.62210521017585
1,92.5825239609753
1,99.6157984237986
1,92.6384619201717
1,104.46636963678932
1,99.3831235500995
1,99.51039031442642
1,85.6552452843238
1,107.36367375660245
1,96.51853921962316
1,98.9432466821738
1,92.70689196021695
1,100.1461220986734
1,101.27017755690488
1,97.23786074241721
1,98.80600488631345
1,93.84453634511328
1,100.01339623248023
1,103.84968422759599
1,101.42789130669019
1,107.58682677381657
1,102.07404922787018
1,91.602338569077
1,106.98559627302464
1,101.31553462196126
1,103.25713544404468
1,101.34440659198722
1,94.29681755216706
1,97.44852429304422
1,95.1246787110716
1,98.58700151410741
1,97.10551797488492
1,96.18214752283231
1,101.8297411577731
1,96.33467223869005
1,95.23319083555359
1,103.04610050987702
1,103.57724106987058
1,101.98032159635423
1,97.18453738467582
1,104.72084883746021
1,96.13451570520834
1,101.6781563257833
1,96.62689832324008
1,99.57774910657352
1,100.16589241145883
1,96.41192405134461
1,95.54220442511573
1,96.04393099041513
1,98.00487241378883
1,98.02090460818792
1,96.04574476528649
1,98.43082953723649
1,95.63427718051932
1,92.51373493798064
1,105.33664889463864
1,102.64406668609402
1,103.67434514151702
1,98.73539034795627
1,96.31929241892863
1,96.77560554880739
1,84.72079769522853
1,96.93343978348645
1,103.11918362831639
1,100.3365116365801
1,93.31165972451319
1,99.14371590683854
1,83.20764045057177
1,107.30824240023361
1,105.63207641246615
1,105.91861279939056
1,103.74899034840362
1,93.29988321660855
1,100.37770244940236
1,100.10267201966406
1,99.17807650911601
1,105.53899424484862
1,103.72942003160452
1,107.39503300599213
1,101.70004056088266
1,100.70514071151936
1,98.86325499100093
1,100.0615295647763
1,105.60244413603635
1,97.57605491162127
1,92.13702520331978
1,103.0659617755033
1,95.26949832293727
1,93.1932561701197
1,96.85703503250218
1,102.63327957074645
1,95.50100094078405
1,99.5272752710452
1,95.55415270169712
1,100.87543215456722
1,102.45967423779334
1,96.92759208771787
1,101.94684306691238
1,95.93402220447607
1,97.50194078993368
1,108.474975109696
1,103.51911173555908
1,102.52610777021346
1,91.01067232141068
1,103.06832871071393
1,99.3536271692692
1,102.87691268086002
1,95.63304121181656
1,101.27692690362821
1,90.66168768011775
1,100.76447690526012
1,94.98419242266976
1,97.30085126598885
1,101.58125018806763
1,100.40584873952733
1,99.94352652558581
1,96.38061516667261
1,94.79580928874671
1,93.87288136596985
1,100.03252813639972
1,96.61571708974256
1,100.11867058371314
1,93.85038095489026
1,100.51530441330155
1,99.2277591192422
1,98.36070694812415
1,96.11385497918775
1,97.55964096234118
1,99.02306068278685
1,97.67094879976472
1,104.9328163633422
1,101.96314584350867
1,98.5060077638542
1,104.86337727771439
1,97.33008074598709
1,100.7277642502649
1,104.00222457580554
1,98.52879631102442
1,106.0741903880128
1,102.930387260202
1,96.3818730367748
1,95.61666814052904
1,95.13793871388378
1,102.4623232617418
1,99.76513093757782
1,90.92435601757899
1,97.54404321478731
1,89.91396050298002
1,101.58405419789631
1,98.74963885139024
1,99.16578817619623
1,87.40465063462511
1,101.96909781382479
1,105.63567850508633
1,95.02050348378134
1,91.47605923948669
1,97.90008148359271
1,103.40800209527745
1,102.98190198011815
1,100.63684795845552
1,100.79553837102819
1,107.86918249153467
1,97.0221997533294
1,102.00508500387559
1,102.63887665471623
1,87.47973877186331
1,94.10823535362346
1,104.42221188103619
1,102.03465571655761
1,90.57553090189819
1,101.17697946453976
1,94.65211976484125
1,91.71122581785417
1,93.4824654774319
1,103.53456951640803
1,100.3310594642644
1,98.22623042982383
1,96.35443084891111
1,89.03018159124494
1,97.4073776936946
1,95.68507824078725
1,99.36895378171883
1,99.51074921965031
1,105.1599237061491
1,102.65936566591373
1,96.0466996694804
1,101.25074198338802
1,94.28256220404418
1,93.90461264623625
1,100.66343160754872
1,90.14686260131882
1,97.97343504061811
1,103.13051915428827
1,98.3524306469715
1,93.87010946341846
1,104.92538377302517
1,95.37561955752025
1,100.267656658911
1,96.69912959826055
1,94.89881954496661
1,101.4606033914873
1,92.51179368548114
1,103.85828589330819
1,97.50646579953707
1,94.56214659700777
1,97.30939563438179
1,99.21771748464042
1,102.3364217043138
1,95.10030746351939
1,97.76103624350901
1,94.53234163692099
1,99.41774932325504
1,101.9931071360632
1,98.49258179761634
1,103.98072680583721
1,100.68551700667024
1,98.7764070062949
1,105.31237467651104
1,101.19430407607163
1,99.04407927619246
1,93.1096190752497
1,90.44455693558285
1,95.6002815229678
1,103.41181204425578
1,94.9122151006585
1,93.6162965767943
1,96.07556011092615
1,100.17360893966332
1,90.88350343504962
1,99.96718969854226
1,102.53701332255113
1,102.28711424560422
1,93.29216764960054
1,102.47737238742039
1,99.51495076470604
1,97.64552305410521
1,106.4761121407669
1,103.90088966500261
1,100.7699558555517
1,96.51966156091535
1,98.05430209185047
1,103.10016536645165
1,85.57016078084592
1,101.21627430497944
1,105.30560922260963
1,102.34613415860233
1,95.70469444829365
1,93.85920265307703
1,104.26444488024157
1,97.34810084808592
1,95.08660577978131
1,92.59049694627544
1,101.75131311858468
1,98.4436425482888
1,93.98234005111041
1,96.17622528656375
1,96.10433437165275
1,100.25206083510804
1,102.50450130048816
1,93.55023277123763
1,102.23922638979013
1,98.86929331703715
1,100.60406901448476
1,94.21884042721823
1,101.44321782161322
1,94.87813469177667
1,99.61671633293713
1,106.43497786076023
1,102.19144255714096
1,104.55818907715863
1,94.64664101859867
1,102.12047104390803
1,95.13051302400768
1,102.97967891721945
1,100.86667464483438
1,98.27160736150324
1,94.1404764022164
1,100.75820890327523
1,91.60453141616884
1,92.51580233281197
1,95.20285184914022
1,99.51618022185406
1,101.673062846156
1,100.05350015575954
1,99.97232531545416
1,98.13896603311736
1,101.96572260196493
1,100.34785821789967
1,102.31455739152526
1,101.45992302934891
1,98.45039371921052
1,97.63122788899219
1,99.00152199284321
1,102.0321275451353
1,100.11474449893069
1,102.52206394892966
1,100.05429957127427
1,95.71871202322944
1,97.36738988935937
1,100.42981173738707
1,99.34392057980031
1,100.20744016747216
1,102.55820112039777
1,99.21916884941069
1,98.80340498479248
1,100.88177392842371
1,103.34487283606077
1,96.7094122982655
1,104.06131216964886
1,96.71422792259241
1,96.18783856898244
1,103.9980668841853
1,89.22284709320473
1,93.60851287548687
1,100.89476210774478
1,100.0329161752594
1,95.9765601696713
1,102.85091634974961
1,103.21041002942215
1,98.21004741469704
1,99.2453099944199
1,103.08707041436955
1,98.97574435617065
1,100.50004153213825
1,98.82669437491262
1,103.39654215387657
1,104.02966227736087
1,101.94686517340867
1,86.66677804900101
1,104.18782070498469
1,88.01930257651154
1,100.1531202222989
1,101.02553969833451
1,89.42331668628205
1,99.39442132543931
1,104.95781690524689
1,96.99408088528523
1,100.75276685658585
1,99.80612354183225
1,98.65537528536296
1,90.2890832753989
1,102.1955547910529
1,94.28922846612573
1,100.24329205775754
1,104.27563254338466
1,95.87278656271508
1,97.84059015548783
1,99.68639929130785
1,100.58870480874086
1,97.36431124216244
1,99.32006908580811
1,100.69688846523664
1,102.7587847015946
1,95.52362307103616
1,96.99864809772575
1,101.13068926920351
1,99.987421757281
1,98.61845771714994
1,104.13791715596165
1,102.73065484356798
1,106.43874414239119
1,106.97545797748066
1,99.13942138551624
1,97.16668283065744
1,102.46952585640881
1,100.02044877857409
1,91.70373972359636
1,98.04804560596233
1,99.36988371762058
1,99.04982772029595
1,88.82040004836782
1,99.36656925409136
1,97.57360949949569
1,105.99649270356639
1,100.16593148935331
1,90.49482149640639
1,102.71077413686962
1,100.68986334995293
1,95.47658234914331
1,97.59394843095995
1,105.82901202650632
1,91.0071298976018
1,94.99724631464028
1,93.13268153318401
1,106.30543815993653
1,99.99745219009853
1,101.29525946091195
1,102.55911441671705
1,97.41785932228609
1,91.80394389704315
1,96.95482929366119
1,100.16996795107974
1,100.74997835222419
1,104.32446445099907
1,100.02922126515264
1,101.34848899244261
1,96.04301804873532
1,91.80336955223788
1,100.29171940778215
1,98.83095060606544
1,93.07161811583413
1,94.86378935706358
1,104.38529864690668
1,98.00361429852904
1,101.70615661401374
1,99.19644665918852
1,101.68645921071578
1,98.7725181048196
1,93.75827934464346
1,91.31366347038556
1,95.90542669325023
1,101.32995851503168
1,96.5837512696209
1,90.49551314811072
1,95.42180549269816
1,101.47363261339129
1,95.76027669704413
1,95.94965401624819
1,102.8704876365546
1,100.37603310687328
1,89.50078591751762
1,107.54659086964452
1,95.70728773049578
1,97.10968105879567
1,94.61076027013624
1,101.66661963124292
1,101.16202593027944
1,103.23005824787148
1,104.67025874493578
1,99.71094148202158
1,99.40929991275016
1,97.43745800827051
1,91.8030647969369
1,107.32383917351919
1,104.55505865331958
1,100.45316988131967
1,99.83312991693268
1,92.99179827996787
1,92.26071707419362
1,96.72617330360251
1,105.52086794976753
1,97.16788611934848
1,102.1707565757014
1,92.7887648181555
1,97.1934633570034
1,98.74794115491315
1,104.20055362461235
1,90.89782640595834
1,106.26772409832179
1,98.83068239123128
1,101.83179337726469
1,97.49121366510849
1,99.05267837749727
1,95.38263186291442
1,104.65836707185647
1,97.77916967297605
1,95.81280731667871
1,101.80318394164931
1,103.58645523499803
1,89.02556280375853
1,97.83715864001368
1,95.74009021345117
1,104.31412248827323
1,96.38429756290336
1,91.8624770389658
1,100.02923869125036
1,95.15944329960465
1,92.20225036738063
1,102.88179476544911
1,101.10225634741482
1,100.82928571346747
1,99.10692276539373
1,107.19796375894697
1,98.58056756197814
1,98.44709694273578
1,99.88510654043793
1,99.37399532163337
1,98.92825691889755
1,99.36191362011749
1,98.19631562452278
1,99.5769728154578
1,98.9391240116087
1,99.54701166431127
1,108.12384250003143
1,94.20330709533653
1,101.74362431477198
1,92.21951007362262
1,103.64098949167092
1,92.03185393128942
1,94.94823910482691
1,88.85619578998961
1,99.5720665308188
1,99.41547670563139
1,90.66226978122526
1,107.93950075164273
1,95.76559268601082
1,100.48271361208612
1,96.05438119691934
1,91.62356153679656
1,94.06260454479545
1,93.29242888724795
1,99.70018583893727
1,98.64490814420347
1,95.89904208376598
1,101.56285754281382
1,93.36159268848232
1,91.92099116924237
1,100.97014375383253
1,95.15633524293602
1,97.05614706131149
1,101.6773355241437
1,93.54393056008672
1,96.77620940499574
1,96.32702797487428
1,96.4992881188052
1,89.24877967859854
1,96.49304275910586
1,102.9506022196422
1,99.17769862652048
1,105.36430511230776
1,95.65727069559378
1,103.00854201298796
1,94.6654771231683
1,99.77466397850517
1,98.93465463153044
1,100.78259243206864
1,95.15633242907458
1,89.78835105887853
1,100.70045716243257
1,96.83734875843732
1,97.09143360860796
1,103.44478259806036
1,103.74720630239182
1,97.49837357749351
1,98.1924682659303
1,99.74262271726198
1,105.95052688739267
1,101.40740891746796
1,103.08423700125704
1,105.07832975028975
1,99.29878171838314
1,107.3361384139312
1,92.28733784451865
1,96.84623624571836
1,103.46848739975331
1,98.38908344921316
1,95.7146677402217
1,91.3901921222901
1,97.61891434429143
1,96.67160103648072
1,92.99936456908719
1,98.76277179392434
1,89.00059210295976
1,97.81463234337659
1,100.34487384846838
1,97.01054052052382
1,96.90129870215742
1,99.19130609405164
1,97.85007055913684
1,102.32539501993676
1,100.81996462946475
1,105.55242692734737
1,100.00019834405037
1,106.4443966434016
1,97.67534338806374
1,96.13690799385972
1,93.61394824209648
1,102.84231871112604
1,104.19425798144408
1,95.51523900483502
1,102.06686882433743
1,98.22855234102428
1,103.96354895678519
1,101.90746506303128
1,102.14237718476667
1,99.87087152751315
1,97.86915907860171
1,99.53000872275354
1,100.87138959058049
1,97.81615372018209
1,102.7426278410812
1,101.01693984610958
1,102.82508688044788
1,99.8088590070382
1,98.33418458251276
1,102.2765566483196
1,97.61470137633151
1,101.80927966857078
1,95.40143198659487
1,102.1343723829091
1,95.8978461708559
1,98.38048963905035
1,96.47672515878747
1,101.30131222630033
1,100.55064076743798
1,89.43240047270001
1,108.06870441141632
1,94.51521705606993
1,99.03259302891118
1,102.85745502355357
1,102.70772148576685
1,97.07915479577787
1,98.41380670606517
1,108.5483384998935
1,106.14132564725523
1,99.14401579394593
1,100.94289578372556
1,104.2123655533085
1,106.76826461285643
1,98.30367330536419
1,95.104333203486
1,102.55717392499147
1,101.48984638109812
1,106.28787227953293
1,102.4177593604962
1,98.14807403057412
1,102.8821066680562
1,92.37038128771502
1,97.60873848843292
1,102.2975207236419
1,103.49771253040299
1,101.21156198889977
1,90.02409203398628
1,88.86828528438846
1,96.33834349429821
1,100.26383439220157
1,94.58171758862036
1,93.96686212313156
1,93.5177810209
1,97.59752615638158
1,100.35932526115815
1,92.7924677284204
1,94.09762193147091
1,98.56056967117786
1,97.50340240771772
1,104.53286748561607
1,102.20148611608542
1,101.09947008563003
1,100.01097498660369
1,98.15355468639845
1,102.53483612342305
1,102.59240310757892
1,90.9757467164163
1,102.97373638173767
1,106.75393741814813
1,101.19115685705478
1,97.8582527129528
1,99.48415965089677
1,102.55568059753469
1,96.73094992822837
1,96.77856005564601
1,97.09030399199489
1,97.40846894048289
1,97.08487029679546
1,102.85249818913684
1,104.67296945974618
1,98.99567689389224
1,90.9283747996974
1,104.66245310167224
1,98.76524181746473
1,101.36031419711375
1,103.55543688245666
1,102.0831454738817
1,99.021947092033
1,101.15756032754746
1,89.94375121796392
1,96.84314792700727
1,101.93834130281971
1,102.75977137524526
1,89.6790945775449
1,89.93620002902352
1,99.98060381693622
1,99.24705455782495
1,97.33418382211033
1,103.41525942534878
1,90.5071700391756
1,99.27354896583017
1,97.33851745552917
1,101.34937740996747
1,104.6700641399135
1,94.20338480742245
1,89.59426483909397
1,100.98920920337261
1,98.9403672773129
1,99.80415595996917
1,96.02039624019275
1,98.10788944789385
1,90.47447303840585
1,98.08138097172176
1,107.38132243385311
1,92.8101366070353
1,97.2741244370257
1,93.36775387988027
1,97.71720197776804
1,108.29224423753098
1,92.39901860653899
1,103.31737599345493
1,97.91247995398743
1,98.0251852155371
1,101.51337192918464
1,99.24734042966972
1,105.35698884892463
1,98.03114042566389
1,97.56954322537464
1,94.12524029590338
1,93.21428941241328
1,101.13730972992903
1,95.43597146420583
1,104.341221088026
1,88.52931494916663
1,92.32037474721889
1,106.10328092805938
1,97.86237534201763
1,98.64015595404513
1,97.550171889359
1,93.54966643890236
1,101.44103304564194
1,98.34847710223221
1,97.03390004065542
1,97.06301565387625
1,96.07730114469118
1,88.52267881148458
1,101.57218297008129
1,102.21855792501131
1,93.13051567314531
1,98.8995267615073
1,102.22517498700475
1,99.5360344949247
1,100.85043847595065
1,99.47383373601431
1,97.25645477248739
1,95.91431925913525
1,92.3423959935991
1,101.5008139888173
1,104.78621156820677
1,97.6199444088816
1,96.46381891299379
1,102.53910084711231
1,102.54098270222673
1,99.76091015519702
1,94.38418910528
1,102.47231590718727
1,104.18018499461917
1,86.37162130550541
1,103.18480613556335
1,101.42529254793234
1,103.1300058556447
1,98.55021525536523
1,100.36479644731818
1,91.36442188972282
1,107.2007017598896
1,105.51863574531791
1,99.0577576385985
1,94.79651223795946
1,96.13899392878528
1,91.81719228117052
1,106.33485725278393
1,101.0530870783931
1,99.39397721748904
1,100.10884708223043
1,101.40728773758491
1,97.84567576796334
1,92.81543109247559
1,95.71523105084236
1,97.49774386170918
1,100.03859595442887
1,98.34505215575587
1,100.89451459550773
1,103.25568907434746
1,103.10456728255869
1,97.80476414337662
1,96.76219151377163
1,98.59740695448818
1,96.47987942759278
1,100.91195815057239
1,97.42969544270298
1,98.71287364550375
1,96.14519029989032
1,104.26839171581318
1,101.50149620027926
1,97.11359690356034
1,102.16055906865665
1,96.07095563956403
1,101.45615225996204
1,98.49759028171133
1,97.39264010658931
1,99.63202306767715
1,101.98059377773231
1,99.45174873439365
1,89.90664502525615
1,100.9635541103323
1,105.95703220844229
1,100.93605732716281
1,102.99887075937829
1,95.98217848514852
1,101.62817399057101
1,94.72816400916517
1,94.06838363840617
1,97.47535010530018
1,97.55846471775854
1,101.0658215714042
1,92.56303866250227
1,101.3408935395023
1,99.69600866624572
1,99.64701787197725
1,95.47047147196358
1,98.29363888530551
1,95.96634329212864
1,101.03129328001808
1,101.5588888934233
1,102.535111358445
1,97.8606454478564
1,97.68608241249362
1,101.95095718781045
1,99.67900266041067
1,96.54513892952264
1,102.4085121645391
1,101.37474567225954
1,104.81772096177906
1,99.35483491355234
1,103.96977582926661
1,96.11081198499804
1,101.6596397092166
1,102.73077700354267
1,97.52187001103727
1,100.02148825729455
1,93.47232041898252
1,99.64713058704965
1,97.75521651439843
1,100.31120730169943
1,105.76069438550311
1,98.70621405535897
1,102.80043297194777
1,99.7393487537864
1,97.6111531679438
1,95.80553704320153
1,99.22739553190965
1,93.92772000207543
1,103.31403938994512
1,102.45905730504745
1,98.86611168661707
1,102.85090565547691
1,96.00186665296675
1,102.96009132573374
1,99.59279067646776
1,104.74585718401119
1,99.70490772057062
1,100.72994836042528
1,101.18391585010741
1,99.83000990470032
1,102.37855317914631
1,100.08004144621796
1,102.52716346883076
1,97.72837016246703
1,102.71492816109978
1,101.14976292955657
1,98.66192340711493
1,99.33971450856214
1,97.34301926612699
1,100.60750224658037
1,98.24669113770156
1,94.40653128395735
1,100.87605021475505
1,97.9799927159523
1,100.74917890035584
1,92.8647329869545
1,95.1164477162126
1,94.15164670971484
1,93.03181957909078
1,89.35017939057894
1,99.19075666950405
1,103.88178589031227
1,98.45791094913409
1,100.87096579379889
1,98.53315531699454
1,98.0091738825493
1,103.45689353219203
1,100.15843375593113
1,95.48812649530262
1,96.1322378379937
1,95.45202257758027
1,92.70363834863497
1,99.46144201739256
1,99.6837925765411
1,102.08355408040998
1,89.88144132937873
1,98.99165922498182
1,99.56332167900652
1,99.07380780176413
1,95.63915596506641
1,99.99633921863418
1,98.14234818270714
1,98.14451696016496
1,94.36127962790309
1,94.23938410924376
1,102.12846506230048
1,93.32215251953903
1,96.74696055494707
1,98.39020578871364
1,97.93839187221656
1,91.99366244210182
1,101.82591059026439
1,100.64637166884108
1,101.51158472521533
1,96.98435725867287
1,96.71652917493705
1,98.14012355586468
1,93.17374729032153
1,98.29108195335527
1,99.24400562424066
1,100.8137305816019
1,103.61656639890546
1,104.5559096353771
1,95.75449489417522
1,99.4610098179493
1,90.7909614630587
1,100.49681236242807
1,92.74791732325474
1,97.77640922563972
1,102.23081964592691
1,99.76549066369586
1,101.4937328361219
1,97.99213120500914
1,99.81577359128326
1,97.0264328613309
1,95.34591081279703
1,100.74010066233615
1,94.00075459725699
1,89.71176212646586
1,102.34043285080008
1,91.2983149067293
1,101.90812436360022
1,101.64365698288066
1,94.55084970968718
1,94.97256772775884
1,96.35443065968738
1,97.97396932232553
1,92.41263925578028
1,104.88099699569719
1,105.62123008465946
1,92.55465183814505
1,103.10757092064023
1,99.87082128501999
1,100.96587450698902
1,104.85721262785424
1,104.89122395655741
1,100.95760612676895
1,103.1410591275349
1,105.53347067536467
1,96.91884866135126
1,96.68499288476144
1,96.54455072033534
1,97.78338714825102
1,100.98430461632461
1,99.74570899310797
1,99.67678008881515
1,103.33041744788744
1,92.9229513274042
1,100.80223582297597
1,100.46345566825138
1,98.2365522930854
1,95.52927709222595
1,103.0992655965891
1,88.65797182887715
1,100.49680135039381
1,103.51665127103146
1,101.32417510224366
1,104.23281724344181
1,93.66819087206957
1,101.10287807440824
1,97.2244944483773
1,102.99037943246188
1,101.11953209878891
1,107.04063298954597
1,102.47500519530186
1,107.57483153705454
1,97.25345088801203
1,100.36354940807351
1,98.69824916128968
1,99.83284914464693
1,97.10326894461744
1,99.68045960816616
1,98.13398657354597
1,98.43762168345424
1,100.20049114968108
1,97.12785045192027
1,102.00340984850624
1,97.17073076043397
1,98.93687361448136
1,103.42845619782568
1,95.12985609341467
1,100.42394034922282
1,103.35317135211477
1,100.41052638731281
1,102.8487202471945
1,93.69415578333644
1,104.08785249381353
1,90.70013731812733
1,102.39182973351623
1,101.16188865459736
1,96.05197121063472
1,97.60996590672318
1,103.87930843428998
1,93.37689051927612
1,91.77451105279698
1,99.1903685334212
1,100.8495210107103
1,98.07639180715759
1,105.21350322212183
1,96.99626305098766
1,99.66009625036779
1,94.12234667039101
1,100.39639835268713
1,99.77439369828801
1,100.26636136628682
1,98.51729301215514
1,105.45645906785711
1,101.57937996406878
1,101.35565101642939
1,100.65002871680349
1,103.18859497826372
1,96.88293500791562
1,97.08638171468363
1,86.31514155599089
1,95.59768829800086
1,94.92457458048514
1,91.4242846564523
1,96.29083287131004
1,105.51235505659562
1,105.0207319883788
1,91.88275443283854
1,104.26843621052043
1,103.93179220326985
1,95.14230754164251
1,96.29332884959442
1,98.25022310814026
1,100.46214364357459
1,97.43399864847939
1,95.95464153512458
1,105.48785264952218
1,96.06725423408932
1,100.18293003542513
1,100.1790121274735
1,98.73786203476268
1,103.21451933860703
1,104.18314221653537
1,97.62209776950891
1,93.7019292771601
1,100.51604949911007
1,104.42253052259477
1,106.65076832566123
1,99.39931956614936
1,99.62421371772587
1,97.06148221347411
1,93.10805367843432
1,97.24322865587973
1,110.18786029014319
1,100.0909007842204
1,101.91236364600493
1,96.43737851500316
1,99.97038373792574
1,98.8346092280872
1,99.7462859066546
1,98.93327270937013
1,97.06700937419166
1,96.38396183296081
1,91.07559368769361
1,102.45360524690219
1,96.02027454063088
1,92.46702826463596
1,103.29507822784396
1,98.87281787839896
1,98.23113883613016
1,100.01360287087408
1,95.31118767928055
1,98.16852877223803
1,104.91773696989716
1,94.12793257163045
1,103.07480114907227
1,95.69535695417036
1,99.57023255575672
1,92.03915713152077
1,102.86990448590277
1,97.01924849612186
1,93.3327295517812
1,95.35703470876851
1,101.87029369177722
1,100.1844722394039
1,96.81699278794756
1,99.17648349988781
1,97.59884295682596
1,90.32000701836881
1,99.68339249124026
1,102.96436875426815
1,97.91472954397742
1,101.7283279461715
1,99.51454266742817
1,96.81617749823144
1,89.20848891177741
1,101.92878123677005
1,100.0931745616723
1,86.98831907919097
1,99.5392547007846
1,100.2384767482124
1,105.00625556849221
